LastName,FirstName,Team,OldTeam,GP,Pos,Age,GP,OZ,RQoC,RelC
Beauchemin,Francois,ANA,,,D,31,82,47.6,0.998,4.3
Cogliano,Andrew,ANA,,,C,24,82,47.3,0.232,-2.8
Fowler,Cam,ANA,,,D,20,82,50.5,0.781,9.2
Getzlaf,Ryan,ANA,,,C,26,82,47.7,0.843,14.5
Ryan,Bobby,ANA,,,RW/LW,24,82,49.2,0.553,5.9
Selanne,Teemu,ANA,,,RW,41,82,49.8,0.404,3.5
Brookbank,Sheldon,ANA,,,D,31,80,47.5,-0.183,-12.1
Perry,Corey,ANA,,,RW,26,80,48.6,0.905,15.9
Sbisa,Luca,ANA,,,D,21,80,52,-0.288,-1.4
Koivu,Saku,ANA,,,C,37,74,48.6,0.566,5
Lydman,Toni,ANA,,,D,34,74,44.4,0.457,-10.7
Hagman*,Niklas,ANA,CGY,8,LW,32,71,50.1,0.287,0.4
Beleskey,Matt,ANA,,,LW,23,70,49,0.045,-5.9
Visnovsky,Lubomir,ANA,,,D,35,68,53.6,0.142,6.1
Pelley*,Rod,ANA,NJD,7,C/RW,27,52,49.7,-0.82,-14.8
Bonino,Nick,ANA,,,C,23,50,50.7,0.079,-8.8
Smith-Pelly,Devante,ANA,,,RW/C,19,49,52.5,-0.268,-10.2
Parros,George,ANA,,,RW,32,46,61.3,-0.925,-15.9
Blake,Jason,ANA,,,LW,38,45,52.7,0.04,4.3
Gordon,Andrew,ANA,,,RW,26,37,58.2,0.034,-7.6
Macenauer,Maxime,ANA,,,C,22,29,47.9,-0.713,-11.6
McMillan,Brandon,ANA,,,C/LW,21,25,43.2,0.242,-24.8
Palmieri,Kyle,ANA,,,RW/C,20,18,50.5,0.208,0.9
Guenin,Nate,ANA,,,D,29,15,57.1,-1.072,-4.4
O'Marra*,Ryan,ANA,EDM,7,C,24,9,43.9,-1.209,-20.6
Jacques,Jean-Francois,ANA,,,LW,26,6,64.7,-3.242,-14.9
Bell,Mark,ANA,,,C/LW,31,5,40,-0.864,-30.4
Holland,Peter,ANA,,,C,20,4,40,-2.439,-50
Clark,Mat,ANA,,,D,22,2,63.6,-0.471,19.5
Maroon,Patrick,ANA,,,LW,23,2,54.5,-0.715,-5.7
Kelly,Chris,BOS,,,C,31,82,47.2,0.383,-7.8
Bergeron,Patrice,BOS,,,C,26,81,47.6,0.52,18.5
Lucic,Milan,BOS,,,LW,23,81,55.1,0.416,7.7
Seguin,Tyler,BOS,,,C,19,81,55.8,0.389,18.4
Thornton,Shawn,BOS,,,LW/RW,34,81,51.9,-0.674,-18.8
Seidenberg,Dennis,BOS,,,D,30,80,52.1,0.177,-0.8
Chara,Zdeno,BOS,,,D,34,79,48.1,1.015,13
Krejci,David,BOS,,,C,25,79,53.7,0.338,1.3
Campbell,Gregory,BOS,,,C/LW,28,78,42.2,-0.492,-24.4
Boychuk,Johnny,BOS,,,D,27,77,52.7,0.896,7.2
Marchand,Brad,BOS,,,LW/C,23,76,52,0.62,17.4
Corvo,Joe,BOS,,,D,34,75,56.4,-0.343,1.9
Pouliot,Benoit,BOS,,,LW/C,25,74,57.7,0.262,3.9
Ference,Andrew,BOS,,,D,32,72,50,-0.196,-16.7
McQuaid,Adam,BOS,,,D,25,72,49.4,-0.412,-10.5
Rolston*,Brian,BOS,NYI,49,RW/C/LW,38,70,53.5,0.401,2.8
Paille,Daniel,BOS,,,LW,27,69,44,-0.752,-19.7
Peverley,Rich,BOS,,,C,29,57,50.6,0.433,-5.8
Zanon*,Greg,BOS,MIN,39,D,31,56,47.8,-0.073,5.1
Caron,Jordan,BOS,,,RW/C,21,48,57.7,0.249,-11.5
Horton,Nathan,BOS,,,RW,26,46,56,0.281,16.6
Mottau*,Mike,BOS,NYI,29,D,33,35,50.2,-0.364,-10.4
Hamill,Zach,BOS,,,C,23,16,56.7,-0.829,-4
MacDermid,Lane,BOS,,,LW,23,5,66.7,-0.571,-25.9
Bartkowski,Matt,BOS,,,D,23,3,60,-1.258,-6.9
Hennessy,Josh,BOS,,,C,26,3,58.3,0.635,-13.2
Camper,Carter,BOS,,,C,23,3,33.3,-0.536,-94.1
Krug,Torey,BOS,,,D,21,2,37.5,-1.445,14.2
Whitfield,Trent,BOS,,,C,35,1,90,-0.464,9.4
Sauve,Max,BOS,,,C,22,1,33.3,1.998,-31.8
Hodgson*,Cody,BUF,VAN,63,C,21,83,52.3,0.425,-6.8
Pominville,Jason,BUF,,,RW/LW,29,82,54,0.756,0.2
Roy,Derek,BUF,,,C,28,80,48.9,0.77,5.4
Stafford,Drew,BUF,,,RW,26,80,55.1,0.389,4.2
Leopold,Jordan,BUF,,,D,31,79,52.5,0.203,-3.1
Vanek,Thomas,BUF,,,LW,27,78,54.2,0.464,-4.4
Regehr,Robyn,BUF,,,D,31,76,46.8,1.153,-13.9
Leino,Ville,BUF,,,C/LW,28,71,54.5,0.149,7.7
Sekera,Andrej,BUF,,,D,25,69,48.9,0.878,7.3
Ehrhoff,Christian,BUF,,,D,29,66,52.8,0.254,3.9
Boyes,Brad,BUF,,,RW/C,29,65,53.9,-0.118,1.9
Kaleta,Patrick,BUF,,,RW,25,63,41.9,0.514,-2.7
Gerbe,Nathan,BUF,,,LW/C,24,62,47.8,0.77,-1.5
Ellis,Matt,BUF,,,LW/C,30,60,45.4,-0.535,4.2
Myers,Tyler,BUF,,,D,21,55,51.4,0.279,-7.1
Adam,Luke,BUF,,,C/LW,21,52,57.7,-0.217,3.3
Weber,Mike,BUF,,,D,24,51,47.6,0.258,-3.1
McCormick,Cody,BUF,,,C/RW,28,50,51.7,-0.754,8.6
Ennis,Tyler,BUF,,,LW/C,22,48,57.5,0.325,-2.2
Tropp,Corey,BUF,,,RW,22,34,51.2,-0.042,-8.1
Sulzer*,Alexander,BUF,VAN,12,D,27,27,49.2,-0.024,6.4
McNabb,Brayden,BUF,,,D,20,25,50.5,-0.295,-0.6
Hecht,Jochen,BUF,,,C/LW,34,22,57.8,0.385,-0.2
Foligno,Marcus,BUF,,,LW,20,14,54,-0.189,-3.9
Brennan,TJ,BUF,,,D,22,11,56.7,-1.466,8.9
Szczechura,Paul,BUF,,,C,26,9,56.4,0.668,-10
Finley,Joe,BUF,,,D,24,5,26.3,-1.539,5.1
Turnbull,Travis,BUF,,,C,26,3,50,-1.492,-23.2
Stuart,Colin,BUF,,,LW,29,2,55.6,2.144,-46.6
Whitmore,Derek,BUF,,,LW,27,2,62.5,0.002,49.3
Allen,Bryan,CAR,,,D,31,82,40.3,1.014,-2.6
Gleason,Tim,CAR,,,D,28,82,39.8,1.243,-2.8
Staal,Eric,CAR,,,C,28,82,50.1,0.826,6.6
Sutter,Brandon,CAR,,,C,22,82,34.8,1.379,-6.6
Brent,Tim,CAR,,,C,27,79,49,-0.782,-13.4
Jokinen,Jussi,CAR,,,LW,28,79,53.1,0.054,5.9
Tlusty,Jiri,CAR,,,C/LW,23,79,47.8,0.737,-6.2
Stewart,Anthony,CAR,,,RW/C,26,77,56.6,-0.714,-7.6
McBain,Jamie,CAR,,,D,23,76,51.5,-0.135,4.3
Dwyer,Patrick,CAR,,,RW,28,73,37.4,1.381,-5.1
Harrison,Jay,CAR,,,D,29,72,49.4,0.498,-1
Ruutu,Tuomo,CAR,,,C/RW/LW,28,72,53.6,0.17,1.8
LaRose,Chad,CAR,,,RW/LW,29,67,45,0.812,6.3
Faulk,Justin,CAR,,,D,19,66,52,0.567,-1.7
Skinner,Jeff,CAR,,,C/RW,19,64,55.1,0.12,9.2
Nodl*,Andreas,CAR,PHI,12,RW,24,60,44.1,1.117,-4.8
Spacek*,Jaroslav,CAR,MTL,12,D,37,46,58.4,-0.983,7.5
Joslin,Derek,CAR,,,D,24,44,59.8,-0.999,-6.5
Bowman,Drayson,CAR,,,LW/C,22,37,53.2,0.541,8.6
Pitkanen,Joni,CAR,,,D,28,30,49,0.67,-0.8
Samson,Jerome,CAR,,,RW,24,16,55.3,0.805,8.8
Dalpe,Zac,CAR,,,C,22,16,63,-0.298,-6.2
Boychuk,Zach,CAR,,,LW/C,22,16,55.8,-1.03,10.7
Sutter,Brett,CAR,,,LW/C,24,15,41.5,-1.047,-14.2
Nash,Riley,CAR,,,C,22,5,63,-0.696,-5.1
Sanguinetti,Bobby,CAR,,,D,24,3,50,-1.607,2
Welsh,Jeremy,CAR,,,C/LW,23,1,57.1,0.97,9.8
Johnson*,Jack,CBJ,LAK,61,D,24,82,47,0.78,-11.8
Nash,Rick,CBJ,,,RW/LW,27,82,52.9,1.132,-0.1
Prospal,Vinny,CBJ,,,LW,36,82,50.5,0.994,13.3
Dorsett,Derek,CBJ,,,RW,25,77,35,0.956,-6
Umberger,RJ,CBJ,,,LW/C,29,77,48.6,1.075,-0.8
Gillies*,Colton,CBJ,MIN,37,C/LW,22,75,39.3,-0.24,-9.7
Brassard,Derick,CBJ,,,C,24,74,50.7,0.462,0.3
Johansen,Ryan,CBJ,,,C,19,67,53,-0.371,5.1
Moore,John,CBJ,,,D,21,67,45.6,-0.067,-8.8
MacKenzie,Derek,CBJ,,,C,30,66,45.4,-0.471,-5.6
Tyutin,Fedor,CBJ,,,D,28,66,45.4,1.442,8.1
Letestu*,Mark,CBJ,PIT,11,C,26,62,47.9,0.344,9
Nikitin*,Nikita,CBJ,STL,7,D,25,61,43.9,1.234,8.1
Johnson,Aaron,CBJ,,,D,28,56,43.9,0.075,-1.7
Boll,Jared,CBJ,,,RW,25,54,49.3,-1.2,-6.6
Wisniewski,James,CBJ,,,D,27,48,48.1,1.247,-7.1
Methot,Marc,CBJ,,,D,26,46,46.1,0.92,-16.3
Russell,Ryan,CBJ,,,LW/C,24,41,39.1,0.314,-7.3
Boyce*,Darryl,CBJ,TOR,17,C,27,37,41.7,0.194,-11.3
Savard,David,CBJ,,,D,21,31,52.4,-1.132,5.1
Lebda,Brett,CBJ,,,D,29,30,43.7,0.076,6.9
Atkinson,Cam,CBJ,,,RW,22,27,46,1.125,11.7
Bass,Cody,CBJ,,,C,24,14,44.3,1.142,-18.9
Calvert,Matt,CBJ,,,LW,22,13,47.4,0.021,11.5
Mayorov,Maksim,CBJ,,,LW/RW,22,10,20.3,1.078,-6.9
Giroux,Alexandre,CBJ,,,LW/C,30,9,50,-0.321,6.2
Byers,Dane,CBJ,,,LW/C,25,8,48.4,-1.28,-5.7
Kubalik,Tomas,CBJ,,,RW,21,8,45.5,-0.712,-16.5
Martinek,Radek,CBJ,,,D,35,7,30.8,1.457,-10.8
Prout,Dalton,CBJ,,,D,22,5,37.5,0.623,5.5
Huselius,Kristian,CBJ,,,LW,33,2,62.5,1.244,17.1
Goloubef,Cody,CBJ,,,D,23,1,0,-1.168,-1.3
Joudrey,Andrew,CBJ,,,C,27,1,0,-4.075,6.6
Bouwmeester,Jay,CGY,,,D,28,82,45,1.672,-5.9
Iginla,Jarome,CGY,,,RW,34,82,49.7,1.591,-8.6
Jokinen,Olli,CGY,,,C,33,82,47.9,2.056,-6.3
Kostopoulos,Tom,CGY,,,RW,32,81,44.6,-1.173,2
Hannan,Scott,CGY,,,D,32,78,48.7,0.858,-10.8
Jackman,Tim,CGY,,,RW,30,75,49.3,-1.648,5.3
Comeau*,Blake,CGY,NYI,16,LW/RW,25,74,49.1,0.582,8.4
Butler,Chris,CGY,,,D,25,68,45.4,1.704,-4.2
Glencross,Curtis,CGY,,,LW/RW,29,67,49.9,2.198,-7.3
Cammalleri*,Mike,CGY,MTL,38,C/LW,29,66,52.1,1.207,-1.4
Tanguay,Alex,CGY,,,LW,32,64,49.6,1.122,-5.8
Sarich,Cory,CGY,,,D,33,62,47.8,-0.507,12
Giordano,Mark,CGY,,,D,28,61,51.2,1.071,1.1
Horak,Roman,CGY,,,C,20,61,50.3,-0.97,-1.7
Stajan,Matt,CGY,,,C,28,61,48,-0.509,4.8
Stempniak,Lee,CGY,,,RW/LW,28,61,49.4,0.437,10.5
Brodie,TJ,CGY,,,D,21,54,51.9,-1.318,17
Smith,Derek,CGY,,,D,27,47,50.4,-0.585,-1.3
Jones*,Blair,CGY,TBL,22,C,25,43,44.1,-0.185,0.6
Backlund,Mikael,CGY,,,C,22,41,44.6,1.249,11.7
Babchuk,Anton,CGY,,,D,27,32,50.7,-1.423,-2.8
Moss,David,CGY,,,RW/LW,30,32,47.9,2,10.3
Bouma,Lance,CGY,,,C,21,27,43.5,-0.341,-2.9
Byron,Paul,CGY,,,C,22,22,51.9,-2.098,-1.3
Kolanos,Krys,CGY,,,C,30,13,59.7,-1.443,26.4
Desbiens,Guillaume,CGY,,,RW,26,10,56.7,-2.067,-10
Nemisz,Greg,CGY,,,C,21,9,42.4,-2.378,3
Wilson,Clay,CGY,,,D,28,5,48.8,-1.263,16.6
Piskula,Joe,CGY,,,D,27,5,50,-2.339,-15.5
Baertschi,Sven,CGY,,,LW,20,5,28.6,-1.723,-7.1
Letourneau-Leblond,Pierre-Luc,CGY,,,RW/LW,26,3,66.7,-3.056,-14
Carson,Brett,CGY,,,D,26,2,52.6,-2.203,25.8
Aliu,Akim,CGY,,,RW,23,2,36.4,1.255,-6.5
Ivanans,Raitis,CGY,,,LW,32,1,66.7,-7.344,-48.9
Kane,Patrick,CHI,,,C/RW,23,82,66.3,0.565,7.3
Leddy,Nick,CHI,,,D,20,82,54.6,0.415,1
Hossa,Marian,CHI,,,RW,32,81,59,0.298,1.9
Mayers,Jamal,CHI,,,RW,37,81,45.8,-0.93,-9.9
Oduya*,Johnny,CHI,WPG,63,D,30,81,50.3,0.297,-4.5
Stalberg,Viktor,CHI,,,RW/LW,25,79,63.6,0.623,11.8
Brunette,Andrew,CHI,,,LW,38,78,64.1,0.191,-8.6
Seabrook,Brent,CHI,,,D,26,78,49.8,1.522,1.7
Bolland,Dave,CHI,,,C,25,76,32.5,1.386,-9.7
Keith,Duncan,CHI,,,D,28,74,50.9,1.321,-3.2
Sharp,Patrick,CHI,,,LW/RW,30,74,64.1,0.148,15
Bickell,Bryan,CHI,,,LW,25,71,38.6,0.9,-7.7
Kruger,Marcus,CHI,,,C,21,71,44.5,0.43,1.4
Hjalmarsson,Niklas,CHI,,,D,24,69,52,0.738,-3.6
Frolik,Michael,CHI,,,RW/LW,23,63,44.6,0.783,-3.8
Toews,Jonathan,CHI,,,C,23,59,64.7,1.011,14.6
Montador,Steve,CHI,,,D,32,52,61.5,-1.194,6.9
O'Donnell,Sean,CHI,,,D,40,51,59.4,-1.172,-0.4
Morrison*,Brendan,CHI,CGY,28,C,36,39,50.6,-0.246,-9.7
Shaw,Andrew,CHI,,,RW/C,20,37,41.9,1.046,-3.6
Hayes,Jimmy,CHI,,,RW,22,31,59.5,-0.575,-10.3
Carcillo,Daniel,CHI,,,LW,26,28,62.4,-0.029,6.3
Olsen,Dylan,CHI,,,D,20,28,62.1,-0.322,-8.1
Lepisto,Sami,CHI,,,D,27,26,62.5,-1.041,-0.2
Bollig,Brandon,CHI,,,LW/RW,24,18,75.8,-0.911,-19.3
Smith,Ben,CHI,,,RW,23,13,46.2,0.611,-8.4
Olesz,Rostislav,CHI,,,LW/C,26,6,58.1,0.626,-32.8
Pirri,Brandon,CHI,,,C,20,5,65.8,0.133,-24.6
Morin,Jeremy,CHI,,,LW/C,20,3,55.6,-2.088,-13.2
Saad,Brandon,CHI,,,LW,19,2,62.5,2.89,-39.9
Landeskog,Gabriel,COL,,,LW,19,82,54.8,0.911,15
Hejda,Jan,COL,,,D,33,81,35.9,0.635,-14.1
Hejduk,Milan,COL,,,RW,35,81,57.4,0.122,0.3
O'Reilly,Ryan,COL,,,C,20,81,50,0.891,12.4
McClement,Jay,COL,,,C,28,80,34.3,-0.289,-11.2
Stastny,Paul,COL,,,C,26,79,50.7,0.104,0.6
McGinn*,Jamie,COL,SJS,61,LW,23,78,51.7,-0.054,-8.9
O'Brien,Shane,COL,,,D,28,76,58.4,-0.027,7.2
Downie*,Steve,COL,TBL,55,RW/LW,24,75,51.1,0.527,12.2
McLeod,Cody,COL,,,LW,27,75,54.9,-1.172,-6.4
O'Byrne,Ryan,COL,,,D,27,74,32.8,0.523,-18.4
Johnson,Erik,COL,,,D,23,73,59.2,0.075,7
Jones,David,COL,,,RW/LW,27,72,51.2,-0.123,-7.5
Wilson,Ryan,COL,,,D,27,59,54.6,-0.114,5.4
Duchene,Matt,COL,,,C,20,58,57.8,-0.256,3.9
Kobasew,Chuck,COL,,,RW,29,58,54.1,-0.427,-13.3
Elliott,Stefan,COL,,,D,20,39,65.9,-1.41,11.1
Porter,Kevin,COL,,,C,25,35,53.2,-1.325,-12.3
Hunwick,Matt,COL,,,D,26,33,55,-0.589,4.5
Mueller,Peter,COL,,,C,23,32,57.9,-0.004,-2.3
Van Der Gulik,David,COL,,,LW/RW,28,25,40.9,-2.063,-4.4
Olver,Mark,COL,,,C,23,24,52.3,-0.164,0.7
Lindstrom,Joakim,COL,,,C,28,16,65,-0.425,-17.9
Barrie,Tyson,COL,,,D,20,10,73,-0.462,16.9
Malone,Brad,COL,,,C,22,9,35.4,-0.444,3.5
Brophey,Evan,COL,,,C,25,3,60,-2.926,4.5
Connolly,Mike,COL,,,LW,23,2,84.6,-0.92,23.6
Eriksson,Loui,DAL,,,LW,26,82,51.8,0.392,3.3
Fiddler,Vernon,DAL,,,C,31,82,42.2,0.652,-13.2
Ryder,Michael,DAL,,,RW,31,82,51.8,0.573,0.7
Daley,Trevor,DAL,,,D,28,79,46.1,0.061,-7.1
Robidas,Stephane,DAL,,,D,34,75,46.5,1.034,4.5
Nystrom,Eric,DAL,,,LW/RW,28,74,44.5,0.523,-8.1
Ott,Steve,DAL,,,LW/C,29,74,47.4,0.614,6.8
Ribeiro,Mike,DAL,,,C,31,74,53.7,0.59,-4.4
Dvorak,Radek,DAL,,,RW,34,73,44.2,0.65,-14.7
Wandell,Tom,DAL,,,C,24,72,45.3,-0.945,11.2
Benn,Jamie,DAL,,,LW,22,71,48.1,0.493,10.7
Goligoski,Alex,DAL,,,D,26,71,49.8,0.021,16
Burish,Adam,DAL,,,RW,28,65,43.2,-0.249,1.7
Souray,Sheldon,DAL,,,D,35,64,45.9,1.159,1.1
Fistric,Mark,DAL,,,D,25,60,45.5,-0.534,-3.8
Morrow,Brenden,DAL,,,LW,32,57,45.9,0.625,-5.2
Larsen,Philip,DAL,,,D,22,55,50.8,-0.318,0
Dowell,Jake,DAL,,,C,26,52,48.5,-1.419,13.9
Vincour,Tomas,DAL,,,C/RW,21,47,49.7,-0.436,9.2
Petersen,Toby,DAL,,,C,33,39,47,-1.837,9.1
Pardy,Adam,DAL,,,D,27,36,51.3,-0.357,-5.2
Garbutt,Ryan,DAL,,,C,26,20,48.9,-0.786,22.8
Benn,Jordie,DAL,,,D,24,3,38.1,0.324,-14.5
Smith,Reilly,DAL,,,RW,21,3,40,-0.681,-32.4
Dillon,Brenden,DAL,,,D,22,1,16.7,-0.902,25
Wathier,Francis,DAL,,,LW,27,1,28.6,-0.218,-6.6
Glennie,Scott,DAL,,,RW/C,21,1,33.3,0.674,65.4
Fraser,Matt,DAL,,,RW/LW,21,1,-,-7.739,-62.4
Kronwall,Niklas,DET,,,D,30,82,54.5,0.702,-6.6
Zetterberg,Henrik,DET,,,LW/C,31,82,54.5,1.267,6.1
Abdelkader,Justin,DET,,,LW/C,24,81,59.7,-0.595,-3.9
Filppula,Valtteri,DET,,,C,27,81,53.8,1.27,-7.5
Hudler,Jiri,DET,,,C/LW/RW,27,81,55.8,0.789,0.8
Stuart,Brad,DET,,,D,32,81,54.3,0.562,-8.4
Miller,Drew,DET,,,LW,27,80,60.9,-0.653,-1.9
Franzen,Johan,DET,,,RW/C,32,77,56.2,1.02,8.1
White,Ian,DET,,,D,27,77,57.7,0.944,5.7
Cleary,Danny,DET,,,RW,33,75,55.9,0.374,0.8
Holmstrom,Tomas,DET,,,LW,38,74,66.8,-1.6,-5.6
Quincey*,Kyle,DET,COL,54,D,26,72,57.6,-0.029,3.2
Bertuzzi,Todd,DET,,,RW/LW,36,71,53.5,1.151,0.9
Emmerton,Cory,DET,,,C,23,71,63.4,-2.153,-11.1
Datsyuk,Pavel,DET,,,C,33,70,55.5,1.162,13.2
Lidstrom,Nicklas,DET,,,D,41,70,57.1,1.441,8.9
Ericsson,Jonathan,DET,,,D,27,69,59.3,-0.692,-0.1
Helm,Darren,DET,,,C,24,68,56.9,-0.492,3.1
Kindl,Jakub,DET,,,D,24,55,60.1,-1.803,-2.8
Mursak,Jan,DET,,,LW/RW,23,25,68.4,-2.053,-11.1
Nyquist,Gustav,DET,,,C/LW,22,18,61.5,-0.373,3.5
Smith,Brendan,DET,,,D,22,14,61.3,-1.33,9.1
Eaves,Patrick,DET,,,RW,27,10,60,-0.853,7.2
Janik,Doug,DET,,,D,31,9,56.6,-0.494,3.2
Conner,Chris,DET,,,RW,28,8,48,-1.286,-24.1
Brunnstrom,Fabian,DET,,,LW/RW,26,5,78.6,-3.019,3.5
Andersson,Joakim,DET,,,C,22,5,73.3,-0.194,1
Sheahan,Riley,DET,,,C,20,1,25,-5.298,-18.9
Schultz*,Nick,EDM,MIN,62,D,29,82,43.8,0.401,-7.2
Smyth,Ryan,EDM,,,LW,35,82,48.1,1.057,-1.5
Horcoff,Shawn,EDM,,,C,33,81,43.9,1.497,-1
Jones,Ryan,EDM,,,LW,27,79,44.6,0.711,-2.9
Belanger,Eric,EDM,,,C,34,78,43.2,-0.124,-4.1
Eberle,Jordan,EDM,,,RW/C,21,78,60.7,0.483,5.7
Smid,Ladislav,EDM,,,D,25,78,49.3,1.366,-0.6
Gagner,Sam,EDM,,,C,22,75,54.1,0.575,6.3
Petry,Jeff,EDM,,,D,24,73,49.1,0.97,2.6
Hemsky,Ales,EDM,,,RW,28,69,50.3,1.279,8.6
Eager,Ben,EDM,,,LW,27,63,49.3,-0.838,-8.8
Nugent-Hopkins,Ryan,EDM,,,C,18,62,62.5,0.594,5.6
Potter,Corey,EDM,,,D,27,62,54.3,-0.035,4.1
Hall,Taylor,EDM,,,LW,20,61,56.5,0.858,15.2
Petrell,Lennart,EDM,,,LW/C,27,60,48.7,-0.78,-16.1
Lander,Anton,EDM,,,C/LW,20,56,52.2,-0.988,-11.3
Peckham,Theo,EDM,,,D,24,54,51.2,-0.031,-6
Sutton,Andy,EDM,,,D,36,52,48.7,-0.043,6
Whitney,Ryan,EDM,,,D,28,51,51.4,0.187,-8.5
Hordichuk,Darcy,EDM,,,LW,31,43,52.3,-1.716,-9.1
Paajarvi,Magnus,EDM,,,LW,20,41,47.7,-0.282,6.6
Barker,Cam,EDM,,,D,25,25,47.5,-0.586,-4
Teubert,Colten,EDM,,,D,21,24,47.7,-1.365,-5.1
Hartikainen,Teemu,EDM,,,LW,21,17,56,1.312,-4.5
Omark,Linus,EDM,,,LW,24,14,56.9,-0.689,-10.5
Green,Josh,EDM,,,C/LW,34,7,53.7,-0.865,9.6
Chorney*,Taylor,EDM,STL,2,D,24,5,40,-1.529,-27.8
VandeVelde,Chris,EDM,,,C,25,5,42.1,-1.408,-5.1
Plante,Alex,EDM,,,D,22,3,46.2,-1.234,3.1
Cornet,Philippe,EDM,,,LW,21,2,63.6,-2.075,20.3
Rodney,Bryan,EDM,,,D,28,1,60,-0.827,-20.6
Kytnar,Milan,EDM,,,C,22,1,-,-4.756,9.9
Campbell,Brian,FLA,,,D,32,82,54,0.755,9.9
Fleischmann,Tomas,FLA,,,LW/RW,27,82,58.1,0.899,1.4
Weaver,Mike,FLA,,,D,33,82,40.3,1.069,-11
Kopecky,Tomas,FLA,,,RW,29,80,45.6,0.596,-1.7
Weiss,Stephen,FLA,,,C,28,80,55.6,0.869,-2.2
Matthias,Shawn,FLA,,,C,23,79,49.3,-0.166,-0.7
Garrison,Jason,FLA,,,D,27,77,53.7,1.015,10.8
Gudbranson,Erik,FLA,,,D,19,72,51.1,-0.991,-1.3
Versteeg,Kris,FLA,,,RW,25,71,55.4,0.809,4.3
Smithson*,Jerred,FLA,NSH,53,RW/C/LW,32,69,36.6,-0.644,-12.2
Jovanovski,Ed,FLA,,,D,35,66,53.9,-1.087,-6.7
Bergenheim,Sean,FLA,,,LW,27,62,46.1,0.749,9.9
Santorelli,Mike,FLA,,,C,26,60,53.2,-0.485,2.3
Kulikov,Dmitry,FLA,,,D,21,58,45.9,0.464,-3.2
Goc,Marcel,FLA,,,C,28,57,38.2,1.14,9.2
Samuelsson*,Mikael,FLA,VAN,6,RW,35,54,45.9,0.914,5.4
Barch*,Krystofer,FLA,DAL,10,RW,31,51,50.9,-1.57,-6.1
Sturm*,Marco,FLA,VAN,6,LW,33,48,47.1,0.062,3.5
Skille,Jack,FLA,,,RW/LW,24,46,48.2,-0.163,-6.4
Bradley,Matt,FLA,,,RW,33,45,49.8,-0.597,-20.9
Ellerby,Keaton,FLA,,,D,23,40,49.7,0.139,-3
Madden,John,FLA,,,C,38,31,43,-0.526,-14.9
Wolski*,Wojtek,FLA,NYR,9,LW,25,31,58.8,0.428,0.1
Kennedy,Tim,FLA,,,LW,25,27,49.5,-0.725,-6.9
Upshall,Scottie,FLA,,,LW/RW,28,26,50.3,0.156,1.6
Repik,Michal,FLA,,,RW,23,17,48.7,-1.247,16.9
Strachan,Tyson,FLA,,,D,27,15,54.7,-1.268,-3
Dadonov,Evgenii,FLA,,,RW,22,15,68.3,-0.463,13.8
Thomas,Bill,FLA,,,RW,28,7,51.9,-1.243,19.4
Cullen,Mark,FLA,,,C,33,6,42.9,-1.436,3.8
Kearns,Bracken,FLA,,,C,30,5,33.3,-2.858,-21.5
Robak,Colby,FLA,,,D,21,3,70,-1.751,-19.5
Yonkman,Nolan,FLA,,,D,30,1,66.7,-3.676,-0.6
Rallo,Greg,FLA,,,C/RW,30,1,-,-1.348,27.5
Matsumoto,Jon,FLA,,,C,25,1,100,-0.205,73.8
Brown,Dustin,LAK,,,RW,27,82,53,0.886,6.6
Greene,Matt,LAK,,,D,28,82,47.4,-0.494,1.5
Kopitar,Anze,LAK,,,C,24,82,51.4,1.175,13.8
Scuderi,Rob,LAK,,,D,33,82,48.4,0.91,-7.5
Williams,Justin,LAK,,,RW,30,82,52.9,0.654,16.1
Clifford,Kyle,LAK,,,LW,20,81,50,-0.96,-8.2
Stoll,Jarret,LAK,,,C,29,78,47.2,0.091,-1.4
Doughty,Drew,LAK,,,D,22,77,50.8,0.986,1.5
Mitchell,Willie,LAK,,,D,34,76,51.5,0.42,0.1
Richards,Mike,LAK,,,C,26,74,50.2,0.909,-15.4
Lewis,Trevor,LAK,,,C,24,72,51.1,-0.359,-7.6
Fraser,Colin,LAK,,,C,26,67,46.7,-1.118,-9.2
Penner,Dustin,LAK,,,LW,29,65,53.8,0.395,1
Richardson,Brad,LAK,,,C/RW,26,59,53,0.116,14
Carter*,Jeff,LAK,CBJ,39,C,26,55,50,1.349,-3.4
Voynov,Slava,LAK,,,D,21,54,57.4,-0.051,7.8
Martinez,Alec,LAK,,,D,24,51,55.7,-1.295,16.7
Loktionov,Andrei,LAK,,,C,21,39,61.1,-0.126,-2.6
Hunter,Trent,LAK,,,RW,31,38,44.8,-0.28,1.2
Gagne,Simon,LAK,,,LW,31,34,56.9,1.556,6.4
Moreau,Ethan,LAK,,,LW,36,28,43.2,-1.118,-15
King,Dwight,LAK,,,LW,22,27,47.8,1.06,-5.4
Nolan,Jordan,LAK,,,C/RW,22,26,51.1,-0.718,-5.9
Westgarth,Kevin,LAK,,,RW/C,27,25,51.5,-1.472,-13.9
Drewiske,Davis,LAK,,,D,27,9,65.3,-0.269,-9
Parse,Scott,LAK,,,LW/RW/C,27,9,52.9,-0.231,-18.6
Brodziak,Kyle,MIN,,,C,27,82,39.6,1.071,-1
Heatley,Dany,MIN,,,LW/RW,30,82,50.4,0.751,9.5
Powe,Darroll,MIN,,,C,26,82,40.3,0.387,-8.6
Johnson,Nick,MIN,,,RW,26,77,42.5,0.941,-0.3
Clutterbuck,Cal,MIN,,,RW,24,74,40.4,0.467,-3.3
Cullen,Matt,MIN,,,C,35,73,44.2,0.364,11.2
Spurgeon,Jared,MIN,,,D,22,70,45,0.794,2.5
Setoguchi,Devin,MIN,,,RW,24,69,50.6,0.513,13.7
Gilbert*,Tom,MIN,EDM,47,D,28,67,47.8,0.859,3.3
Scandella,Marco,MIN,,,D,21,63,43.8,0.963,-1.1
Peters,Warren,MIN,,,C/LW,29,58,36.8,-0.226,-11.9
Koivu,Mikko,MIN,,,C,28,55,48,0.593,6.1
Foster*,Kurtis,MIN,ANA, NJD,37,D,30,51,60.2,-0.596,-2.7
Prosser,Nate,MIN,,,D,25,51,38.6,0.248,-4
Stoner,Clayton,MIN,,,D,26,51,37.9,0.042,2.6
Christensen*,Erik,MIN,NYR,20,C,28,49,49.8,-0.793,-6.5
Falk,Justin,MIN,,,D,23,47,41.5,0.197,-8
Palmieri*,Nick,MIN,NJD,29,RW,22,38,48,-0.057,-6.9
Bouchard,Pierre-Marc,MIN,,,C/RW,27,37,51.9,-0.215,20.5
Ortmeyer,Jed,MIN,,,RW,33,35,39.8,-0.583,-9.9
Kassian,Matt,MIN,,,LW,25,24,54.5,-0.758,-2
Kampfer*,Steven,MIN,BOS,10,D,23,23,52,0.051,-7.3
Veilleux*,Stephane,MIN,NJD,1,LW,30,22,44.2,-0.498,-0.4
Lundin,Mike,MIN,,,D,27,17,40.4,0.888,-3.1
Latendresse,Guillaume,MIN,,,LW/RW,24,16,40.2,0.376,-4.7
Wellman,Casey,MIN,,,C,24,14,46.2,0.471,14
McMillan,Carson,MIN,,,RW,23,11,38.2,0.073,-22.8
Almond,Cody,MIN,,,C,22,10,46.9,0.504,-9.1
Rau,Chad,MIN,,,C,24,9,53.7,-0.135,-7.2
Bulmer,Brett,MIN,,,RW/LW,19,9,26.9,-0.465,-11.2
McIntyre,David,MIN,,,C,24,7,34.2,-0.694,-11.7
Palmer,Jarod,MIN,,,C/RW,25,6,51.1,1.067,8
Zucker,Jason,MIN,,,LW,20,6,51.7,-1.394,-21.1
Taffe,Jeff,MIN,,,LW,30,5,40,0.281,-2.5
Fredheim,Kris,MIN,,,D,24,3,36.4,-0.598,-51.8
Genoway,Chay,MIN,,,D,26,1,62.5,-1.947,-6.4
Cuma,Tyler,MIN,,,D,22,1,66.7,-3.083,40.8
Disalvatore,Jon,MIN,,,RW/LW,30,1,72.7,0.291,-31.3
Foucault,Kristopher,MIN,,,LW,21,1,33.3,-2.48,6.8
Cole,Erik,MTL,,,LW/RW,33,82,51.5,0.005,12
Gorges,Josh,MTL,,,D,27,82,44.5,1.411,-1.3
Desharnais,David,MTL,,,C,25,81,52.2,0.042,3.8
Plekanec,Tomas,MTL,,,C,29,81,42.8,0.905,-3.8
Subban,P.K.,MTL,,,D,22,81,46.3,1.266,6.3
Eller,Lars,MTL,,,C/LW,22,79,48.3,0.57,-0.8
Pacioretty,Max,MTL,,,LW,23,79,49.4,0.068,12.3
Bourque*,Rene,MTL,CGY,38,RW/LW,30,76,47.6,0.693,-5.9
Kaberle*,Tomas,MTL,CAR,29,D,33,72,53.1,-0.581,-0.6
Emelin,Alexei,MTL,,,D,25,67,47.5,-0.107,-0.1
Staubitz*,Brad,MTL,MIN,43,RW/LW,27,62,44.8,-0.998,-9.8
Darche,Mathieu,MTL,,,LW,35,61,51.6,-0.459,1.3
Weber,Yannick,MTL,,,D,23,60,56.5,-0.789,-9.2
Diaz,Raphael,MTL,,,D,25,59,47.3,0.101,-3.9
Nokelainen*,Petteri,MTL,PHX,5,C/RW,25,56,41.7,-1.055,-7
Moen,Travis,MTL,,,LW,29,48,43.8,0.793,-13.7
Campoli,Chris,MTL,,,D,27,43,48.3,-0.229,-2.4
Leblanc,Louis,MTL,,,C,20,42,48.5,-0.123,-1.1
Blunden,Mike,MTL,,,RW,25,39,38.2,-0.18,-12.6
Gomez,Scott,MTL,,,C,32,38,63.8,-0.129,9.4
Palushaj,Aaron,MTL,,,RW,22,38,48.5,-0.241,20
Geoffrion*,Blake,MTL,NSH,22,C/LW,23,35,40.8,-0.157,-6.4
Gionta,Brian,MTL,,,RW,32,31,43.9,0.752,0.7
White,Ryan,MTL,,,C/RW,23,20,40,1.304,-11.7
St-Denis,Frédéric,MTL,,,D,25,17,52.5,-0.807,5.4
Markov,Andrei,MTL,,,D,34,13,55.3,-0.172,15
Engqvist,Andreas,MTL,,,C,24,12,59.1,-0.707,-0.2
Dumont,Gabriel,MTL,,,C,22,3,75,-0.433,32.7
Fayne,Mark,NJD,,,D,24,82,49.9,0.787,1.6
Parise,Zach,NJD,,,LW,27,82,54.2,0.731,4.2
Ponikarovsky*,Alexei,NJD,CAR,49,LW,31,82,46.8,0.098,11.2
Salvador,Bryce,NJD,,,D,35,82,47.2,0.393,-8.7
Sykora,Petr,NJD,,,RW,35,82,49.3,1.129,7.6
Zubrus,Dainius,NJD,,,RW/C,33,82,49.5,0.999,4
Elias,Patrik,NJD,,,C/LW,35,81,51.5,1.404,5.7
Clarkson,David,NJD,,,RW,27,80,49.4,0.027,3.1
Kovalchuk,Ilya,NJD,,,LW/RW,28,77,56.2,0.533,4.1
Henrique,Adam,NJD,,,C,21,74,47.4,0.582,2
Carter*,Ryan,NJD,FLA,7,C,28,72,48.3,-0.575,-11.7
Volchenkov,Anton,NJD,,,D,29,72,47.6,0.238,1
Larsson,Adam,NJD,,,D,19,65,52.1,0.034,0.5
Zidlicky*,Marek,NJD,MIN,41,D,34,63,52.8,-0.093,7.9
Greene,Andy,NJD,,,D,29,56,52,0.664,-0.1
Boulton,Eric,NJD,,,LW,35,51,50.3,-1.485,-26
Janssen,Cam,NJD,,,RW,27,48,60.4,-2.393,-12.5
Tedenby,Mattias,NJD,,,RW/LW,21,43,50.7,-0.043,-4.9
Josefson,Jacob,NJD,,,C,20,41,55.1,-0.6,4.2
Tallinder,Henrik,NJD,,,D,32,39,46.8,0.701,3.1
Bernier,Steve,NJD,,,RW,26,32,47.7,-0.201,-11.1
Taormina,Matt,NJD,,,D,25,30,58.7,-0.357,3.3
Mills,Brad,NJD,,,C,28,27,56.4,-1.668,-9.7
Sestito,Tim,NJD,,,C/LW,27,18,48.5,-1.489,-8.7
Zajac,Travis,NJD,,,C,26,15,52.8,0.608,-3.8
Harrold,Peter,NJD,,,D,28,11,60,-0.409,5.2
Zalewski,Steven,NJD,,,C,25,7,59.5,-1.339,-1.2
Urbom,Alexander,NJD,,,D,21,5,51.4,-0.289,-3
Fraser,Mark,NJD,,,D,25,4,57.7,1.286,-16.3
Zharkov,Vladimir,NJD,,,RW,23,4,100,-0.637,44.2
Gionta,Stephen,NJD,,,RW/LW,29,1,40,-1.284,1.5
Suter,Ryan,NSH,,,D,26,79,45.7,1.262,7.3
Legwand,David,NSH,,,C,31,78,44.9,0.346,10.6
Weber,Shea,NSH,,,D,26,78,44.6,1.332,11.2
Spaling,Nick,NSH,,,LW/C,23,77,43.7,-0.444,-4
Tootoo,Jordin,NSH,,,RW,28,77,47.3,-0.711,-5.2
Gill*,Hal,NSH,MTL,53,D,36,76,44.3,-0.021,-8
Hornqvist,Patric,NSH,,,RW/LW,24,76,54.8,0.449,16.8
Kostitsyn,Sergei,NSH,,,LW/RW,24,75,49.1,1.383,-2
Halischuk,Matt,NSH,,,RW/C,23,73,48.3,-1,-10.6
Fisher,Mike,NSH,,,C,31,72,40.2,1.604,-10.5
Kostitsyn*,Andrei,NSH,MTL,53,LW/RW,26,72,53.5,0.377,-0.6
Smith,Craig,NSH,,,C,22,72,50.8,-0.306,3.4
Erat,Martin,NSH,,,RW/LW,30,71,41.2,1.561,-4.4
Gaustad*,Paul,NSH,BUF,56,C,29,70,33.4,0.588,-11.5
Wilson,Colin,NSH,,,C,22,68,49.9,-0.175,14.3
Bouillon,Francis,NSH,,,D,36,66,46.5,-0.352,-3.5
Klein,Kevin,NSH,,,D,27,66,41.8,-0.158,-6.7
Hillen,Jack,NSH,,,D,25,55,50.7,-1.067,-2.2
Josi,Roman,NSH,,,D,21,52,42.8,-0.489,-11.4
Bourque,Gabriel,NSH,,,LW,21,43,55.6,-0.346,4.5
Yip*,Brandon,NSH,COL,10,RW,26,35,46.1,-1.396,-14
Blum,Jonathon,NSH,,,D,22,33,44.4,-1.002,-7.7
Ellis,Ryan,NSH,,,D,20,32,59.5,-1.987,10.3
McGrattan,Brian,NSH,,,RW,30,30,51.8,-2.238,4.1
Bergfors,Niclas,NSH,,,RW/C,24,11,55.3,-1.838,-3.8
Laakso,Teemu,NSH,,,D,24,9,42.9,-1.464,-15.8
Radulov,Alexander,NSH,,,RW,25,9,46.5,-0.168,5.1
Wilson,Kyle,NSH,,,C,28,5,59.1,-1.016,-4
Mueller,Chris,NSH,,,C,25,4,60,-0.806,-3.2
Ekholm,Mattias,NSH,,,D,21,2,45.5,-5.07,28.7
Stortini,Zack,NSH,,,RW,26,1,50,2.017,15.4
Thang,Ryan,NSH,,,LW,24,1,100,1.382,39
Moulson,Matt,NYI,,,LW,28,82,58.7,0.543,6.3
Nielsen,Frans,NYI,,,C,27,82,43.8,0.869,4.4
Streit,Mark,NYI,,,D,34,82,53.7,0.601,10.5
Tavares,John,NYI,,,C,21,82,58.7,0.562,10.6
Bailey,Josh,NYI,,,C/LW,22,80,46.4,0.332,-4.8
Martin,Matt,NYI,,,LW,22,80,43.5,0.166,-5
Parenteau,PA,NYI,,,RW/C/LW,28,80,56.2,0.71,9.6
Okposo,Kyle,NYI,,,RW,23,79,48.8,0.416,4.2
Grabner,Michael,NYI,,,RW,24,78,42.3,0.888,-1.1
MacDonald,Andrew,NYI,,,D,25,75,47.9,0.628,-2.5
Hamonic,Travis,NYI,,,D,21,73,49.5,0.811,1.2
Jurcina,Milan,NYI,,,D,28,65,51.2,0.266,1.1
Staios,Steve,NYI,,,D,38,65,46.2,0.258,-4.7
Eaton,Mark,NYI,,,D,34,62,47.1,-0.212,-14.5
Pandolfo,Jay,NYI,,,LW,37,62,38.9,-0.311,-17.5
Reasoner,Marty,NYI,,,C,34,61,43.4,0.008,-11.7
Niederreiter,Nino,NYI,,,RW/LW,19,55,46,-0.047,-4.5
Ullstrom,David,NYI,,,LW/C,22,29,50.3,0.278,3.7
Reese,Dylan,NYI,,,D,27,28,48.6,0.347,7.3
Cizikas,Casey,NYI,,,C,20,15,43.5,0.48,-3.1
Haley,Micheal,NYI,,,LW/C,25,14,41.5,-0.496,-4.1
Ness,Aaron,NYI,,,D,21,9,51.5,-0.375,-8.7
Rakhshani,Rhett,NYI,,,RW,23,5,42.9,-0.278,-30.9
Donovan,Matt,NYI,,,D,22,3,43.5,1.166,-0.6
Gillies,Trevor,NYI,,,LW,32,3,75,-2.431,-46.3
de Haan,Calvin,NYI,,,D,20,1,71.4,0.761,51.9
Wishart,Ty,NYI,,,D,23,1,20,-0.481,-31.9
Boyle,Brian,NYR,,,C,27,82,28.8,0.446,0.9
Gaborik,Marian,NYR,,,RW/LW,29,82,63,0.495,1.3
Girardi,Dan,NYR,,,D,27,82,44.2,1.653,2.1
McDonagh,Ryan,NYR,,,D,22,82,42.8,1.707,3.5
Prust,Brandon,NYR,,,LW/C/RW,27,82,33.7,0.153,-7.9
Richards,Brad,NYR,,,C,31,82,54.4,0.973,1.6
Stepan,Derek,NYR,,,C,21,82,62.9,0.658,-1.8
Anisimov,Artem,NYR,,,C,23,79,52.7,0.508,2.9
Del Zotto,Michael,NYR,,,D,21,77,51.3,0.211,-1.1
Dubinsky,Brandon,NYR,,,C,25,77,41.8,0.852,8.8
Callahan,Ryan,NYR,,,RW,26,76,48.8,1.131,-2.2
Fedotenko,Ruslan,NYR,,,LW,32,73,36.5,0.816,-10
Hagelin,Carl,NYR,,,LW,23,64,52.6,0.691,10.3
Mitchell,John,NYR,,,C,26,63,45.7,-0.45,11.1
Rupp,Mike,NYR,,,C/LW,31,60,43.2,-1.279,-14.3
Stralman,Anton,NYR,,,D,25,53,51.6,-0.054,0.4
Bickel,Stu,NYR,,,D,25,51,51.9,-0.89,-2.5
Staal,Marc,NYR,,,D,24,46,50.9,0.011,-15.7
Eminger,Steve,NYR,,,D,28,42,50.8,-1.58,-3.4
Scott*,John,NYR,CHI,29,LW/D,29,35,63.6,-1.895,-0.8
Woywitka,Jeff,NYR,,,D,28,27,55.6,-2.348,11.5
Sauer,Michael,NYR,,,D,24,19,43.1,0.61,-1.3
Erixon,Tim,NYR,,,D,20,18,50.5,-1.552,-4.1
Avery,Sean,NYR,,,LW,31,15,57.1,-1.038,10.1
Zuccarello,Mats,NYR,,,LW/RW,24,10,45,-0.68,11.5
Deveaux,Andre,NYR,,,C/RW,27,9,37.9,-2.592,19
Newbury,Kris,NYR,,,C/LW,29,7,37.5,-1.646,-14.2
Bell,Brendan,NYR,,,D,28,1,100,-0.495,1.8
Cowen,Jared,OTT,,,D,20,82,56.8,-0.288,-2.5
Foligno,Nick,OTT,,,LW,24,82,53.7,-0.14,4.4
Greening,Colin,OTT,,,LW/C,25,82,57,0.433,-2.4
Condra,Erik,OTT,,,RW,25,81,50.3,-0.001,3.8
Karlsson,Erik,OTT,,,D,21,81,57.1,0.657,11.3
Smith,Zack,OTT,,,C,23,81,46.8,-0.035,-5.6
Phillips,Chris,OTT,,,D,33,80,49.7,-0.152,-8.2
Spezza,Jason,OTT,,,C,28,80,59.3,0.281,6
Michalek,Milan,OTT,,,LW,27,77,61.5,0.398,1.1
Alfredsson,Daniel,OTT,,,RW,39,75,58.3,0.28,13.4
Gonchar,Sergei,OTT,,,D,37,74,52.8,0.268,-4.1
Kuba,Filip,OTT,,,D,35,73,57.2,0.807,-1.6
Neil,Chris,OTT,,,RW,32,72,54.5,-0.353,-3.8
Gilroy*,Matt,OTT,TBL,53,D,27,67,51.3,-0.002,0
Daugavins,Kaspars,OTT,,,LW,23,65,49.1,0.1,-14.1
Butler,Bobby,OTT,,,RW/LW,24,56,56.1,-0.293,3.5
Konopka,Zenon,OTT,,,C,30,55,48.9,-0.755,-14.4
Turris*,Kyle,OTT,PHX,6,C,22,55,52,0.576,4.3
Winchester,Jesse,OTT,,,C,28,32,43.9,-0.323,-7.5
Carkner,Matt,OTT,,,D,31,29,49.2,-1.47,-4.5
O'Brien,Jim,OTT,,,C,22,28,58.3,-0.83,-6.3
Da Costa,Stephane,OTT,,,C/RW,22,22,69,-0.881,2
Klinkhammer,Rob,OTT,,,LW,26,15,51.4,-0.415,8.9
Regin,Peter,OTT,,,C,25,10,52,0.1,0.8
Filatov,Nikita,OTT,,,LW,21,9,52.6,-1.288,-7.7
Zibanejad,Mika,OTT,,,C,18,9,52.8,0.596,-16.6
Borowiecki,Mark,OTT,,,D,22,2,45.5,-3.248,18.9
Hoffman,Mike,OTT,,,C,22,1,80,0.597,37.5
Petersson,Andre,OTT,,,RW,21,1,100,-1.856,6.6
Carle,Matt,PHI,,,D,27,82,49.4,0.589,3.2
Hartnell,Scott,PHI,,,LW/RW,29,82,52.2,0.502,9.6
Simmonds,Wayne,PHI,,,RW,23,82,57.7,0.065,-3.5
Coburn,Braydon,PHI,,,D,26,81,50.2,1.079,-2
Talbot,Maxime,PHI,,,C,27,81,41.7,0.872,-2.1
Read,Matt,PHI,,,RW,25,79,50.5,0.292,-1.8
Voracek,Jakub,PHI,,,RW,22,78,53,0.667,7.4
Couturier,Sean,PHI,,,C,19,77,40.3,0.76,-3.4
Giroux,Claude,PHI,,,RW,23,77,48.1,0.805,6.9
Timonen,Kimmo,PHI,,,D,36,76,53.6,1.22,8.2
Grossmann*,Nicklas,PHI,DAL,52,D,26,74,43.9,0.525,-15.2
Jagr,Jaromir,PHI,,,RW,39,73,59.9,0.522,10
Briere,Danny,PHI,,,RW/C,34,70,57,0.365,-3.1
Kubina*,Pavel,PHI,TBL,52,D,34,69,46.6,0.47,-7
Rinaldo,Zac,PHI,,,C/LW,21,66,47.6,0.303,-11.3
Meszaros,Andrej,PHI,,,D,26,62,52,-0.04,-1.7
Schenn,Brayden,PHI,,,C,20,54,54.8,-0.232,-2.6
Lilja,Andreas,PHI,,,D,36,46,47.6,-0.96,-11.7
Bourdon,Marc-Andre,PHI,,,D,22,45,49,0.037,-3.2
van Riemsdyk,James,PHI,,,LW/RW,22,43,60.7,0.816,3.1
Zolnierczyk,Harry,PHI,,,LW,24,37,50,-0.043,-2.6
Gustafsson,Erik,PHI,,,D,23,30,55.6,-0.603,0.2
Shelley,Jody,PHI,,,LW,35,30,46.2,-1.515,-16.8
Wellwood,Eric,PHI,,,LW/C,21,24,45,-0.266,6.6
Sestito,Tom,PHI,,,LW,24,14,68.2,-0.972,-12.6
Pronger,Chris,PHI,,,D,37,13,49,0.963,9.4
Holmstrom,Ben,PHI,,,C/RW,24,5,47.6,-2.063,-24.7
Manning,Brandon,PHI,,,D,22,4,60.7,-0.119,33.5
Walker,Matt,PHI,,,D,31,4,46.2,-1.105,-20.7
Boedker,Mikkel,PHX,,,RW/LW,22,82,53.4,0.126,-6.8
Ekman-Larsson,Oliver,PHX,,,D,20,82,48.5,0.817,6.4
Korpikoski,Lauri,PHX,,,LW,25,82,43.5,0.617,-12.5
Vermette*,Antoine,PHX,CBJ,60,C/LW,29,82,47.9,0.398,8.3
Whitney,Ray,PHX,,,LW,39,82,54.2,1.131,12.7
Yandle,Keith,PHX,,,D,25,82,55,-0.073,8.1
Doan,Shane,PHX,,,RW/LW,35,79,52.7,0.756,5.8
Torres,Raffi,PHX,,,LW,30,79,54.8,-0.62,5.2
Vrbata,Radim,PHX,,,RW,30,77,52.8,1.263,10.7
Gordon,Boyd,PHX,,,C,28,75,39.8,0.869,-13.3
Langkow,Daymond,PHX,,,C,35,73,53.7,0.404,5.8
Pyatt,Taylor,PHX,,,LW,30,73,41.2,0.14,-9.3
Klesla,Rostislav,PHX,,,D,29,65,44.7,1.175,-11.8
Aucoin,Adrian,PHX,,,D,38,64,48.8,0.483,3.1
Hanzal,Martin,PHX,,,C,24,64,50.5,1.265,11.5
Morris,Derek,PHX,,,D,33,59,54.7,-0.281,-6.7
Rozsival,Michal,PHX,,,D,33,54,46.2,0.359,2.8
Chipchura,Kyle,PHX,,,C,25,53,48.3,-0.602,-1.1
Schlemko,David,PHX,,,D,24,46,46.8,1.192,-7.7
Brule,Gilbert,PHX,,,C,24,33,44.6,-1.046,2.2
Bissonnette,Paul,PHX,,,LW/D,26,31,55.8,-1.863,13.2
Rundblad*,David,PHX,OTT,24,D,21,30,61.1,-0.934,9.3
O'Sullivan,Patrick,PHX,,,C/RW,26,23,58,-0.673,-15.2
Summers,Chris,PHX,,,D,23,21,57.8,-0.954,-6.5
Stone,Michael,PHX,,,D,21,13,56.7,-0.52,-22.2
Pouliot,Marc-Antoine,PHX,,,C,26,13,48.4,-0.545,3.2
Miele,Andy,PHX,,,C,23,7,72,-1.661,-12.8
Bolduc,Alexandre,PHX,,,C,27,2,83.3,0.223,16.2
Watkins,Matt,PHX,,,RW,25,1,20,0.692,-34.8
Adams,Craig,PIT,,,RW,34,82,45.1,-0.374,-13
Cooke,Matt,PIT,,,LW/RW,33,82,48.1,0.757,-6.5
Dupuis,Pascal,PIT,,,RW/LW,32,82,51.7,1.114,-1.6
Kunitz,Chris,PIT,,,LW,32,82,62.1,0.467,14.7
Neal,James,PIT,,,LW,24,80,64.4,0.349,10.2
Sullivan,Steve,PIT,,,LW,37,79,62.8,0.512,3.9
Malkin,Evgeni,PIT,,,C,25,75,65.9,0.279,11.3
Niskanen,Matt,PIT,,,D,25,75,57.3,-0.064,7.7
Engelland,Deryk,PIT,,,D,29,73,55.5,0.048,-8.2
Martin,Paul,PIT,,,D,30,73,54.7,0.589,4.5
Orpik,Brooks,PIT,,,D,31,73,51.5,0.917,-8.9
Vitale,Joe,PIT,,,C,26,68,44.2,-0.198,-13.6
Asham,Arron,PIT,,,RW,33,64,49.3,-0.345,-12.3
Michalek,Zbynek,PIT,,,D,29,62,51.9,0.799,-7.4
Staal,Jordan,PIT,,,C,23,62,47.8,1.461,4.8
Kennedy,Tyler,PIT,,,C/LW,25,60,57.4,0.461,8.2
Park,Richard,PIT,,,RW/C,35,54,54.6,-0.053,-8.5
Letang,Kris,PIT,,,D,24,51,52.2,0.583,6.4
Lovejoy,Ben,PIT,,,D,27,34,58.7,-0.084,3.5
O'Reilly*,Cal,PIT,NSH, PHX,27,C,25,33,56.5,-0.669,-8.5
Jeffrey,Dustin,PIT,,,LW/C,23,26,50,-0.459,-1.3
Tangradi,Eric,PIT,,,LW/C,22,24,67.4,-0.74,-3.4
Crosby,Sidney,PIT,,,C,24,22,57.7,0.579,17.3
Despres,Simon,PIT,,,D,20,18,64.7,-0.845,3.3
Picard,Alexandre,PIT,,,D,26,17,69.2,-0.32,7.3
MacIntyre,Steve,PIT,,,LW,31,12,55.2,-1.76,-20.6
Strait,Brian,PIT,,,D,23,9,62.5,-0.101,-20.3
Williams,Jason,PIT,,,C/RW,31,8,71,-0.42,-16.6
Bortuzzo,Robert,PIT,,,D,22,6,62.5,-0.537,-9
McDonald,Colin,PIT,,,RW/C,27,5,33.3,-0.55,-9.5
Sneep,Carl,PIT,,,D,24,1,54.5,-0.775,29.5
Winnik*,Daniel,SJS,COL,63,LW/C,26,84,46.6,0.383,3.9
Marleau,Patrick,SJS,,,LW/C,32,82,54.5,1.497,8.1
Pavelski,Joe,SJS,,,RW/LW/C,27,82,48.6,1.633,11.1
Thornton,Joe,SJS,,,C,32,82,49.9,1.497,14.9
Vlasic,Marc-Edouard,SJS,,,D,24,82,47.4,1.085,2.1
Boyle,Dan,SJS,,,D,35,81,54.2,1.199,1.7
Burns,Brent,SJS,,,D,26,81,56.4,0.747,8
Couture,Logan,SJS,,,C,22,80,56.2,1.048,10.6
Moore*,Dominic,SJS,TBL,56,C,31,79,42.3,0.657,-6.4
Clowe,Ryane,SJS,,,LW,29,76,57.2,0.79,2.2
Desjardins,Andrew,SJS,,,C,25,76,49.4,-0.645,-2.3
Mitchell,Torrey,SJS,,,C,26,76,48.1,0.282,-7.7
Galiardi*,TJ,SJS,COL,55,LW,23,69,46.7,-0.042,-4.8
Handzus,Michal,SJS,,,C,34,67,46.8,-0.364,-20.5
Winchester,Brad,SJS,,,LW/RW,30,67,54.8,-1.286,-5.3
Braun,Justin,SJS,,,D,24,66,46.8,-0.312,8.3
Murray,Douglas,SJS,,,D,31,60,47.3,0.755,-16.2
Demers,Jason,SJS,,,D,23,57,55.2,-0.454,-7.9
White,Colin,SJS,,,D,34,54,49.7,-0.076,-5.6
Havlat,Martin,SJS,,,RW,30,39,55,0.51,0.4
Murray,Andrew,SJS,,,C,30,39,61.5,-1.864,-0.1
Ferriero,Benn,SJS,,,RW/C,24,35,49.8,0.301,-3.3
Wingels,Tommy,SJS,,,C,23,33,53.9,0.381,9
Vandermeer,Jim,SJS,,,D,31,25,53.1,-1.116,-7.1
McCarthy,John,SJS,,,LW,25,10,61.2,0.006,-10.2
McLaren,Frazer,SJS,,,LW,24,7,44.4,-1.446,-23.5
Backes,David,STL,,,C/RW,27,82,46,1.158,5.6
Berglund,Patrik,STL,,,C,23,82,48.6,0.717,-6.8
Jackman,Barret,STL,,,D,30,81,46.2,0.463,-2.3
Pietrangelo,Alex,STL,,,D,21,81,52.8,0.721,7.8
Shattenkirk,Kevin,STL,,,D,22,81,54.4,0.013,4.4
Nichol,Scott,STL,,,C,37,80,48,-1.22,-4.3
Oshie,T.J.,STL,,,RW/LW/C,25,80,45.9,1.094,1
Stewart,Chris,STL,,,RW,24,79,57.5,0.299,-9.7
Polak,Roman,STL,,,D,25,77,49.6,0.07,-11.2
Sobotka,Vladimir,STL,,,LW/C,24,73,48.8,0.585,0.1
Arnott,Jason,STL,,,C,37,72,60.3,-0.634,3.9
Langenbrunner,Jamie,STL,,,RW,36,70,55.4,0.011,7.6
Colaiacovo,Carlo,STL,,,D,28,64,50,0.792,3.6
Reaves,Ryan,STL,,,RW,24,60,62,-1.382,-0.5
Perron,David,STL,,,LW/RW,23,57,47.3,0.827,-3.7
D'Agostini,Matt,STL,,,RW,25,55,54.8,-0.011,2.4
Russell*,Kris,STL,CBJ,12,D,24,55,55.9,-0.672,-1.6
Porter,Chris,STL,,,LW/C,27,47,65,-0.858,-1.2
Steen,Alexander,STL,,,LW/C,27,43,52.6,0.64,21.7
Crombeen,B.J.,STL,,,RW,26,40,51.7,-0.741,-0.6
Cole,Ian,STL,,,D,22,26,54.8,-0.295,0.3
Grachev,Evgeny,STL,,,C,21,26,62.6,-1.036,-13.8
Huskins,Kent,STL,,,D,32,25,55.1,-0.007,1.4
McDonald,Andy,STL,,,LW/C,34,25,51.2,0.538,8.1
Schwartz,Jaden,STL,,,LW/C,19,7,52.6,0.898,-17.9
Fairchild,Cade,STL,,,D,22,5,69.2,-2.479,2.4
Sterling,Brett,STL,,,LW,27,4,84.6,-1.639,22.6
Cracknell,Adam,STL,,,RW,26,2,44.4,-1.583,1.6
Brewer,Eric,TBL,,,D,32,82,33.6,1.269,-7.8
Clark,Brett,TBL,,,D,35,82,45.7,0.432,-7.5
Stamkos,Steven,TBL,,,C,21,82,54.7,0.248,7.6
Purcell,Teddy,TBL,,,RW/C,26,81,56.6,0.385,8.3
St Louis,Martin,TBL,,,RW,36,77,53.8,0.13,0.9
Pyatt,Tom,TBL,,,C,24,74,35,0.898,-11.6
Connolly,Brett,TBL,,,RW/C,19,68,49.4,0.356,-0.1
Malone,Ryan,TBL,,,LW,32,68,48.7,0.78,-0.4
Thompson,Nate,TBL,,,C,27,68,34.2,1.254,-9.5
Lecavalier,Vincent,TBL,,,C,31,64,54.3,0.383,3.6
Hedman,Victor,TBL,,,D,21,61,37.3,1.058,1.8
Hall,Adam,TBL,,,RW/LW,31,57,34,1.132,-9.4
Lee*,Brian,TBL,OTT,35,D,24,55,51.3,-0.464,-3
Gervais,Bruno,TBL,,,D,27,50,59.9,-0.39,11.3
Wallace*,Tim,TBL,NYI,31,RW,27,49,41.3,0.107,-2.3
Shannon,Ryan,TBL,,,RW,28,45,43.6,0.664,7
Bergeron,Marc-Andre,TBL,,,D,31,43,71.2,-0.049,13.3
Mikkelson,Brendan,TBL,,,D,24,41,58.9,-0.485,4.2
Wyman,JT,TBL,,,RW/C,25,40,30.3,1.169,-8.2
Aulie*,Keith,TBL,TOR,17,D,22,36,44.9,0.801,-10.6
Commodore*,Mike,TBL,DET,17,D,32,30,43.5,-0.482,0.3
Tyrell,Dana,TBL,,,C,22,26,37.7,0.523,-10.6
Smith,Trevor,TBL,,,C/LW,26,16,29.8,0.595,0.9
Labrie,Pierre-Cedric,TBL,,,LW,25,14,37.9,-0.204,19.1
Segal,Brandon,TBL,,,RW/C,28,10,33.3,0.246,14.5
Angelidis,Mike,TBL,,,LW/C,26,6,33.3,-1.537,17.4
Ritola,Mattias,TBL,,,C,24,5,50,-0.661,-2.2
Brown,J.T.,TBL,,,RW/LW,21,5,43.2,2.283,17.3
Oberg,Evan,TBL,,,D,23,3,60,0.342,32.6
Kessel,Phil,TOR,,,RW/LW,24,82,54.3,0.337,3.2
Phaneuf,Dion,TOR,,,D,26,82,50,1.399,3.3
Schenn,Luke,TOR,,,D,22,79,50.7,-0.154,-7.6
Gunnarsson,Carl,TOR,,,D,25,76,45.4,1.145,-0.9
Steckel,David,TOR,,,C,29,76,38,0.379,-3.5
Gardiner,Jake,TOR,,,D,21,75,56,-0.328,2.6
Grabovski,Mikhail,TOR,,,C,27,74,53,0.686,14.9
Bozak,Tyler,TOR,,,C,25,73,52.5,0.34,-4.9
MacArthur,Clarke,TOR,,,LW,26,73,52.8,0.72,7.2
Connolly,Tim,TOR,,,C,30,70,49.8,0.428,-2.3
Kulemin,Nikolai,TOR,,,LW/RW,25,70,53.3,0.892,4.6
Crabb,Joey,TOR,,,RW,28,67,43.1,0.135,-3.1
Liles,John-Michael,TOR,,,D,31,66,51.6,-0.192,2.3
Lupul,Joffrey,TOR,,,LW/RW,28,66,55.5,0.512,-1.7
Lombardi,Matthew,TOR,,,C,29,62,52.2,-0.108,-9.4
Franson,Cody,TOR,,,D,24,57,52,-0.698,8
Frattin,Matt,TOR,,,RW,23,56,52.9,0.285,-1.5
Brown,Mike,TOR,,,RW/LW,26,50,41.4,-0.175,-5.6
Komisarek,Mike,TOR,,,D,29,45,42,0.046,-6.5
Rosehill,Jay,TOR,,,LW/D,26,31,63.1,-2.308,-6.2
Dupuis,Philippe,TOR,,,C,26,30,43,-0.587,-1.5
Armstrong,Colby,TOR,,,RW,29,29,50.4,0.153,-7.9
Kadri,Nazem,TOR,,,C,21,21,51.7,-0.068,10.9
Ashton,Carter,TOR,,,RW/LW,21,15,54,-0.507,0
Colborne,Joe,TOR,,,C/LW,21,10,43.6,-0.892,-7.3
Orr,Colton,TOR,,,RW,29,5,23.1,-3.382,-38.4
Hamilton,Ryan,TOR,,,LW,27,2,35.7,-0.137,10.4
Edler,Alexander,VAN,,,D,25,82,57.8,0.597,0.9
Hamhuis,Dan,VAN,,,D,29,82,46.8,0.815,7.3
Hansen,Jannik,VAN,,,RW,25,82,40.4,0.783,-5.2
Lapierre,Maxim,VAN,,,C,26,82,22.2,-0.018,-20.7
Sedin,Henrik,VAN,,,C,31,82,78.6,0.328,18.1
Burrows,Alexandre,VAN,,,LW/RW,30,80,73.8,0.568,16.1
Pahlsson*,Samuel,VAN,CBJ,61,C,34,80,29.7,1.05,-9
Bieksa,Kevin,VAN,,,D,30,78,49.2,0.797,7.6
Malhotra,Manny,VAN,,,C,31,78,13.2,0.49,-32.6
Kesler,Ryan,VAN,,,C,27,77,48,0.581,11.2
Sedin,Daniel,VAN,,,LW,31,72,79.6,0.363,22.5
Higgins,Chris,VAN,,,LW,28,71,46.6,0.956,2.2
Salo,Sami,VAN,,,D,37,69,53.6,0.597,-5
Weise,Dale,VAN,,,RW/C,23,68,20.6,-0.581,-20.2
Booth*,David,VAN,FLA,6,LW,27,62,58.4,0.407,16.1
Gragnani*,Marc-Andre,VAN,BUF,44,D/LW,24,58,63.1,-0.342,13.1
Raymond,Mason,VAN,,,LW,26,55,59.7,0.475,-0.1
Ballard,Keith,VAN,,,D,29,47,44.6,-0.472,-13.9
Alberts,Andrew,VAN,,,D,30,44,39.7,-0.29,-14.5
Kassian*,Zack,VAN,BUF,27,RW,20,44,52.8,-0.425,1.8
Rome,Aaron,VAN,,,D,28,43,42.8,-0.392,-8.2
Tanev,Christopher,VAN,,,D,22,25,44.1,0.378,5.9
Volpatti,Aaron,VAN,,,LW/RW,26,23,21.3,-0.477,-29.9
Ebbett,Andrew,VAN,,,C,28,18,37.9,0.372,2.6
Bitz,Byron,VAN,,,RW,27,10,42.4,-0.045,-11.8
Mancari,Mark,VAN,,,RW/LW,26,6,32.1,-0.946,-9.9
Duco,Mike,VAN,,,RW/LW,24,6,21.7,0.023,-26.4
Sweatt,Bill,VAN,,,LW,23,2,50,-0.729,-11.9
Oreskovich,Victor,VAN,,,RW,25,1,33.3,3.525,-48.8
Ladd,Andrew,WPG,,,LW,26,82,57.8,0.487,17.1
Stuart,Mark,WPG,,,D,27,80,50.2,-0.103,-6.2
Wheeler,Blake,WPG,,,RW,25,80,57.8,0.319,12.6
Glass,Tanner,WPG,,,LW,28,78,34.1,0.892,-24
Slater,Jim,WPG,,,C,29,78,28.5,0.9,-27.9
Wellwood,Kyle,WPG,,,C,28,77,60.5,0.105,15.8
Burmistrov,Alexander,WPG,,,C,20,76,58.7,-0.097,7.9
Kane,Evander,WPG,,,LW/C,20,74,57.6,-0.028,8.7
Little,Bryan,WPG,,,C,24,74,53.6,0.565,13.4
Thorburn,Chris,WPG,,,RW/C,28,72,38.8,0.631,-21.8
Antropov,Nik,WPG,,,C/LW,31,69,56.7,0.08,1.5
Byfuglien,Dustin,WPG,,,D,26,66,53.4,0.674,13.1
Bogosian,Zach,WPG,,,D,21,65,49.4,0.591,-2.7
Clitsome*,Grant,WPG,CBJ,51,D,26,63,49.7,-0.426,-0.2
Stapleton,Tim,WPG,,,C,29,63,56.7,-0.549,-7.6
Enstrom,Tobias,WPG,,,D,27,62,53.4,0.558,14.5
Hainsey,Ron,WPG,,,D,30,56,46.9,0.552,-7.4
Miettinen,Antti,WPG,,,RW,31,45,47.8,0.131,-10.8
Jones,Randy,WPG,,,D,30,39,50.5,-0.913,-6.2
Fehr,Eric,WPG,,,RW,26,35,55.8,-0.364,3.3
Flood,Mark,WPG,,,D,27,33,53.3,-0.757,-9.2
Maxwell*,Ben,WPG,ANA,6,C,23,15,65.7,-1.328,-14.4
Jaffray,Jason,WPG,,,LW/RW,30,13,43.2,-1.481,8.5
Machacek,Spencer,WPG,,,RW,23,13,59.1,-0.058,-10.1
Kulda,Arturs,WPG,,,D,23,9,60,-1.998,-19.3
McArdle,Kenndal,WPG,,,LW,24,9,60,-0.396,-42.1
Cormier,Patrice,WPG,,,C,21,9,41.7,-1.133,11.9
Gagnon,Aaron,WPG,,,C,25,7,58.1,0.056,18.9
Scheifele,Mark,WPG,,,C,18,7,75,-0.611,-1.7
Klingberg,Carl,WPG,,,LW,20,6,77.8,-2.433,49.7
Festerling,Brett,WPG,,,D,25,5,42.9,0.657,2.4
MacLean,Brett,WPG,,,LW,23,5,52.9,0.376,-1.2
Postma,Paul,WPG,,,D,22,3,71.4,-3.664,14.8
Meech,Derek,WPG,,,D,27,2,57.1,0.347,10.4
Alzner,Karl,WSH,,,D,23,82,41.6,1.403,-8.3
Brouwer,Troy,WSH,,,RW,26,82,46.7,1.099,-1.4
Carlson,John,WSH,,,D,21,82,45.3,1.05,-3.8
Chimera,Jason,WSH,,,LW,32,82,48.4,0.734,4.6
Laich,Brooks,WSH,,,C,28,82,43.1,1.279,-6.7
Wideman,Dennis,WSH,,,D,28,82,49,0.132,2.5
Johansson,Marcus,WSH,,,C,21,80,51.8,0.016,-7.2
Hendricks,Matt,WSH,,,C,30,78,44.2,0.725,-3.8
Ovechkin,Alex,WSH,,,LW,26,78,52.7,-0.36,-3.4
Semin,Alexander,WSH,,,LW,27,77,51.1,-0.34,11
Ward,Joel,WSH,,,RW,31,73,45.2,0.486,0.1
Knuble,Mike,WSH,,,RW,39,72,46,0.06,-9.3
Halpern,Jeff,WSH,,,C,35,69,39.2,0.303,2.9
Hamrlik,Roman,WSH,,,D,37,68,46.8,-0.293,7.8
Perreault,Mathieu,WSH,,,C,23,64,51.9,-0.677,14.5
Orlov,Dmitry,WSH,,,D,20,60,51.1,-0.438,6.1
Schultz,Jeff,WSH,,,D,25,54,50.1,-0.249,-10.2
Backstrom,Nicklas,WSH,,,C,24,42,52.2,-0.272,5.2
Beagle,Jay,WSH,,,RW/LW/C,26,41,40.2,0.319,-2
Green,Mike,WSH,,,D,26,32,50,-0.567,6.3
Eakin,Cody,WSH,,,C,20,30,51.6,-0.403,5.9
Erskine,John,WSH,,,D,31,28,54.9,-1.078,-3.1
Aucoin,Keith,WSH,,,RW/C,33,27,50.8,-1.091,16.8
Marshall*,Kevin,WSH,PHI,10,D,22,10,61.9,-0.429,-11
Kundratek,Tomas,WSH,,,D,22,5,50,-1.839,-2.6
Rechlicz,Joel,WSH,,,RW,24,3,0,0.643,-34.2
Collins,Sean,WSH,,,D,28,2,42.9,-3.163,24.4
King,DJ,WSH,,,LW,27,1,16.7,-0.859,-9.3
